"","col_mae","col_fmae","col_sd"
"1",0.403110030740474,0.138325938181924,0.399495598986188
"2",0.399022383261356,0.136594466359393,0.426049282605555
