"","col_mae","col_fmae","col_sd"
"1",236.105459002733,0.75162422656752,549.431693945498
"2",249.006439599062,0.854219067585131,625.951571925599
