"","col_mae","col_fmae","col_sd"
"1",81.090331935357,Inf,252.945320460409
"2",84.8400582268483,Inf,264.688275747466
"3",153.26561348583,Inf,242.287070511393
"4",33.2916020102015,Inf,115.703434163055
"5",33.2916020102015,Inf,115.703434163055
